<?xml version="1.0" encoding="UTF-8"?><?xml-stylesheet type='text/xsl' href='_UpgradeReport_Files/UpgradeReport.xslt'?><UpgradeLog>
<Properties><Property Name="Solution" Value="TankAnalysis">
</Property><Property Name="Solution File" Value="D:\TankAnalysis\TankAnalysis.sln">
</Property><Property Name="User Options File" Value="D:\TankAnalysis\TankAnalysis.suo">
</Property><Property Name="Date" Value="17 April 2016">
</Property><Property Name="Time" Value="11:56">
</Property></Properties><Event ErrorLevel="0" Project="" Source="TankAnalysis.sln" Description="File successfully backed up as D:\TankAnalysis\Backup\TankAnalysis.sln">
</Event><Event ErrorLevel="0" Project="" Source="TankAnalysis.suo" Description="File successfully backed up as D:\TankAnalysis\Backup\TankAnalysis.suo">
</Event><Event ErrorLevel="0" Project="TankAnalysis" Source="TankAnalysis\TankAnalysis.vbproj" Description="Project file successfully backed up as D:\TankAnalysis\Backup\TankAnalysis\TankAnalysis.vbproj">
</Event><Event ErrorLevel="0" Project="TankAnalysis" Source="TankAnalysis\TankAnalysis.vbproj.user" Description="Project user file successfully backed up as D:\TankAnalysis\Backup\TankAnalysis\TankAnalysis.vbproj.user">
</Event><Event ErrorLevel="0" Project="TankAnalysis" Source="TankAnalysis\Form1.vb" Description="File successfully backed up as D:\TankAnalysis\Backup\TankAnalysis\Form1.vb">
</Event><Event ErrorLevel="0" Project="TankAnalysis" Source="TankAnalysis\Form1.Designer.vb" Description="File successfully backed up as D:\TankAnalysis\Backup\TankAnalysis\Form1.Designer.vb">
</Event><Event ErrorLevel="0" Project="TankAnalysis" Source="TankAnalysis\frmCircularTank.Designer.vb" Description="File successfully backed up as D:\TankAnalysis\Backup\TankAnalysis\frmCircularTank.Designer.vb">
</Event><Event ErrorLevel="0" Project="TankAnalysis" Source="TankAnalysis\frmCircularTank.vb" Description="File successfully backed up as D:\TankAnalysis\Backup\TankAnalysis\frmCircularTank.vb">
</Event><Event ErrorLevel="0" Project="TankAnalysis" Source="TankAnalysis\frmIntzeTank.Designer.vb" Description="File successfully backed up as D:\TankAnalysis\Backup\TankAnalysis\frmIntzeTank.Designer.vb">
</Event><Event ErrorLevel="0" Project="TankAnalysis" Source="TankAnalysis\frmIntzeTank.vb" Description="File successfully backed up as D:\TankAnalysis\Backup\TankAnalysis\frmIntzeTank.vb">
</Event><Event ErrorLevel="0" Project="TankAnalysis" Source="TankAnalysis\frmOverHead.Designer.vb" Description="File successfully backed up as D:\TankAnalysis\Backup\TankAnalysis\frmOverHead.Designer.vb">
</Event><Event ErrorLevel="0" Project="TankAnalysis" Source="TankAnalysis\frmOverHead.vb" Description="File successfully backed up as D:\TankAnalysis\Backup\TankAnalysis\frmOverHead.vb">
</Event><Event ErrorLevel="0" Project="TankAnalysis" Source="TankAnalysis\frmRectangularTankData.Designer.vb" Description="File successfully backed up as D:\TankAnalysis\Backup\TankAnalysis\frmRectangularTankData.Designer.vb">
</Event><Event ErrorLevel="0" Project="TankAnalysis" Source="TankAnalysis\frmRectangularTankData.vb" Description="File successfully backed up as D:\TankAnalysis\Backup\TankAnalysis\frmRectangularTankData.vb">
</Event><Event ErrorLevel="0" Project="TankAnalysis" Source="TankAnalysis\frmSymbols.Designer.vb" Description="File successfully backed up as D:\TankAnalysis\Backup\TankAnalysis\frmSymbols.Designer.vb">
</Event><Event ErrorLevel="0" Project="TankAnalysis" Source="TankAnalysis\frmSymbols.vb" Description="File successfully backed up as D:\TankAnalysis\Backup\TankAnalysis\frmSymbols.vb">
</Event><Event ErrorLevel="0" Project="TankAnalysis" Source="TankAnalysis\frmSymbols2.Designer.vb" Description="File successfully backed up as D:\TankAnalysis\Backup\TankAnalysis\frmSymbols2.Designer.vb">
</Event><Event ErrorLevel="0" Project="TankAnalysis" Source="TankAnalysis\frmSymbols2.vb" Description="File successfully backed up as D:\TankAnalysis\Backup\TankAnalysis\frmSymbols2.vb">
</Event><Event ErrorLevel="0" Project="TankAnalysis" Source="TankAnalysis\Module1.vb" Description="File successfully backed up as D:\TankAnalysis\Backup\TankAnalysis\Module1.vb">
</Event><Event ErrorLevel="0" Project="TankAnalysis" Source="TankAnalysis\My Project\AssemblyInfo.vb" Description="File successfully backed up as D:\TankAnalysis\Backup\TankAnalysis\My Project\AssemblyInfo.vb">
</Event><Event ErrorLevel="0" Project="TankAnalysis" Source="TankAnalysis\My Project\Application.Designer.vb" Description="File successfully backed up as D:\TankAnalysis\Backup\TankAnalysis\My Project\Application.Designer.vb">
</Event><Event ErrorLevel="0" Project="TankAnalysis" Source="TankAnalysis\My Project\Resources.Designer.vb" Description="File successfully backed up as D:\TankAnalysis\Backup\TankAnalysis\My Project\Resources.Designer.vb">
</Event><Event ErrorLevel="0" Project="TankAnalysis" Source="TankAnalysis\My Project\Settings.Designer.vb" Description="File successfully backed up as D:\TankAnalysis\Backup\TankAnalysis\My Project\Settings.Designer.vb">
</Event><Event ErrorLevel="0" Project="TankAnalysis" Source="TankAnalysis\My Project\Application.myapp" Description="File successfully backed up as D:\TankAnalysis\Backup\TankAnalysis\My Project\Application.myapp">
</Event><Event ErrorLevel="0" Project="TankAnalysis" Source="TankAnalysis\My Project\Settings.settings" Description="File successfully backed up as D:\TankAnalysis\Backup\TankAnalysis\My Project\Settings.settings">
</Event><Event ErrorLevel="0" Project="TankAnalysis" Source="TankAnalysis\Form1.resx" Description="File successfully backed up as D:\TankAnalysis\Backup\TankAnalysis\Form1.resx">
</Event><Event ErrorLevel="0" Project="TankAnalysis" Source="TankAnalysis\frmCircularTank.resx" Description="File successfully backed up as D:\TankAnalysis\Backup\TankAnalysis\frmCircularTank.resx">
</Event><Event ErrorLevel="0" Project="TankAnalysis" Source="TankAnalysis\frmIntzeTank.resx" Description="File successfully backed up as D:\TankAnalysis\Backup\TankAnalysis\frmIntzeTank.resx">
</Event><Event ErrorLevel="0" Project="TankAnalysis" Source="TankAnalysis\frmOverHead.resx" Description="File successfully backed up as D:\TankAnalysis\Backup\TankAnalysis\frmOverHead.resx">
</Event><Event ErrorLevel="0" Project="TankAnalysis" Source="TankAnalysis\frmRectangularTankData.resx" Description="File successfully backed up as D:\TankAnalysis\Backup\TankAnalysis\frmRectangularTankData.resx">
</Event><Event ErrorLevel="0" Project="TankAnalysis" Source="TankAnalysis\frmSymbols.resx" Description="File successfully backed up as D:\TankAnalysis\Backup\TankAnalysis\frmSymbols.resx">
</Event><Event ErrorLevel="0" Project="TankAnalysis" Source="TankAnalysis\frmSymbols2.resx" Description="File successfully backed up as D:\TankAnalysis\Backup\TankAnalysis\frmSymbols2.resx">
</Event><Event ErrorLevel="0" Project="TankAnalysis" Source="TankAnalysis\My Project\Resources.resx" Description="File successfully backed up as D:\TankAnalysis\Backup\TankAnalysis\My Project\Resources.resx">
</Event><Event ErrorLevel="0" Project="TankAnalysis" Source="TankAnalysis\TankAnalysis.vbproj" Description="Project converted successfully">
</Event><Event ErrorLevel="3" Project="TankAnalysis" Source="TankAnalysis\TankAnalysis.vbproj" Description="Converted">
</Event><Event ErrorLevel="0" Project="" Source="TankAnalysis.sln" Description="Solution converted successfully">
</Event><Event ErrorLevel="3" Project="" Source="TankAnalysis.sln" Description="Converted">
</Event><Event ErrorLevel="0" Project="TankAnalysis" Source="TankAnalysis\TankAnalysis.vbproj" Description="Scan complete: Upgrade not required for project files.">
</Event></UpgradeLog>